url,title
/questions/44344117/why-is-happening-with-facebook-api-request-for,Why is happening with facebook api request for (;;);?
/questions/44344116/intellij-disable-paramter-hint-during-typing,Intellij Disable Paramter hint during typing
/questions/44344016/fetching-data-from-tableview-coredata,Fetching Data from TableView (CoreData)
/questions/44344114/different-line-in-ngfor-with-different-component-input,different line in ngFor with different component input
/questions/44344113/eclipse-is-not-showing-c-errors,eclipse is not showing c errors
/questions/44344112/starcluster-keypair-error,STARCLUSTER keypair error
/questions/44344111/how-to-make-as-logical-operator-in-string,How to make && as logical operator in string
/questions/44344110/how-to-convert-image-to-text-using-java-ocr,How to convert Image to text using java OCR
/questions/44344013/return-two-array-indices-in-c,return two array indices in C
/questions/44344010/raspbian-jessie-apt-get-upgrade-fails,Raspbian Jessie apt-get upgrade fails
/questions/44344007/call-expf-from-assembly,call expf from assembly
/questions/44344006/implementing-stochastic-gradient-descent-python,Implementing Stochastic Gradient Descent Python
/questions/44344003/i-cannot-seem-to-handle-dropdown-from-robot-framework-i-am-using-selenium2libra,I cannot seem to handle dropdown from Robot Framework. I am using Selenium2Library and Python2.7
/questions/44344108/how-to-expand-iis-express-cache-size-with-asp-net-4-5-2,How to Expand IIS Express Cache Size with ASP.NET 4.5.2
/questions/44344106/dynamically-create-table-in-html,Dynamically create Table in HTML
/questions/44344105/c-vector-element-erase-versus-new-vector-creation,C++ vector element erase versus new vector creation
/questions/44344104/calling-procedure-inside-procedure-manipulate-returned-results,Calling procedure inside procedure manipulate returned results
/questions/44344100/insert-at-a-specific-index-in-vector,Insert at a specific index in vector
/questions/44343897/website-doesnt-load-execute-the-javascript-files-on-mobiles-or-tablets,Website doesn't load/execute the javascript files on mobiles or tablets
/questions/44343804/reset-form-state-vuejs-and-vuerouter,Reset form state VueJS and VueRouter
/questions/44343999/woocommerce-additional-information-if-empty-hide,"Woocommerce Additional Information - if empty, hide"
/questions/44343997/npm-notice-created-a-lockfile-as-package-lock-json-you-should-commit-this-file,npm notice created a lockfile as package-lock.json. You should commit this file
/questions/44343996/explicit-guide-to-setting-up-a-jersey-server-in-java-to-allow-clients-to-send-da,Explicit guide to setting up a Jersey server in java to allow clients to send data?
/questions/44343995/why-should-i-use-getchar-like-this-in-c-code,Why should I use getchar() like this in C code?
/questions/44343991/mediaplayer-continue-streaming-after-pause-mp3,MediaPlayer continue streaming after pause MP3
/questions/44343989/searchsourcebuilderexceptionfilter-must-be-set-on-filter-aggregation-filter,SearchSourceBuilderException[filter must be set on filter aggregation [filter]]
/questions/44343988/phpstorm-extremely-slow-while-editing-vue-js-files,PhpStorm extremely slow while editing vue.js files
/questions/44343984/what-should-be-correct-codes-of-this-error-mysqli-query-expects-at-least-2-pa,"What should be correct codes of this error? mysqli_query() expects at least 2 parameters, 1 given in [duplicate]"
/questions/44344098/mysql-innodb-assertion-failure,Mysql innodb assertion failure
/questions/44344095/how-to-change-date-format-using-javascript,How to change date format using JavaScript
/questions/44344094/unit-testing-how-to-wait-for-a-async-call-inside-another-method,Unit Testing: how to wait for a async call inside another method
/questions/44344091/how-to-add-dynamic-roles-managment-to-jhipster-uaa-project,How to add dynamic roles managment to JHipster uaa project?
/questions/44344090/gradient-on-ibdesignable-uiview,Gradient on IBDesignable UIView
/questions/44344089/office-365-exchange-connection-refused-proxy-server,Office 365 exchange connection refused proxy server
/questions/44343896/how-to-fix-solrexception-broken-pipe-eofexception,how to fix SolrException broken pipe EOFException
/questions/44343892/iframe-video-popup-in-new-window,iframe video popup in new window
/questions/44343891/script-to-download-video-in-batch-with-nodejs,Script to download video in batch with NodeJS
/questions/44343889/react-relay-go-through-and-api-vs-direct-access-to-mongodb,React relay go through and API vs direct access to MongoDB
/questions/44343888/how-to-make-virtual-functions-of-a-super-class-overrideable-for-grandchildren-in,How to make virtual functions of a super class overrideable for grandchildren in C++? [duplicate]
/questions/44343886/how-do-i-translate-this-into-python-code,How do I translate this into Python code?
/questions/44343884/directory-dialog-in-pyqt5-what-filter-will-work-for-filtering-windows-or-mac-f,Directory dialog in PyQt5 - What filter will work for filtering Windows or MAC file?
/questions/44343803/php-how-to-make-make-l1-statement-if-work,php .how to make make L1 statement ( if ) work?
/questions/44343800/how-to-retrieve-image-and-display-in-imageview-after-it-has-been-saved,How to retrieve image and display in ImageView after it has been saved
/questions/44343797/solving-a-delayed-differential-equation-in-matlab-to-reproduce-a-published-figur,Solving a delayed differential equation in Matlab to reproduce a published figure
/questions/44343795/how-to-calculate-a-variable-dependent-on-the-state-variables-in-the-derivative-f,How to calculate a variable dependent on the state variables in the derivative function using ODE (Matlab)?
/questions/44343793/nasm-socket-programming-multi-thread,NASM socket programming multi thread
/questions/44343792/mongo-hadoop-java-connector-iterate-through-all-collections,mongo-hadoop java connector Iterate through all collections
/questions/44343789/how-redirect-to-other-method-in-one-controller-with-request-in-laravel,How Redirect to Other Method in one Controller with Request in laravel?
/questions/44343788/error-while-trying-to-install-the-package-rjava,Error while trying to install the package rJava [duplicate]
/questions/44343787/what-would-be-the-correct-method-to-use-npm-components-if-i-already-have-a-rail,"What would be the correct method to use npm components, if I already have a rails application that successfully runs my own react components?"
/questions/44343786/get-front-cameras-image-in-base64-ios-10,Get front camera's image in Base64 - iOS 10
/questions/44343979/android-dynamic-buttons-in-java-how-to-define-what-do-to-with-each,Android dynamic buttons in java - how to define what do to with each
/questions/44343975/running-pytest-on-multiple-devices-in-parallel,Running Pytest on Multiple Devices in Parallel
/questions/44343974/change-order-of-rows-in-a-sql-query,Change order of rows in a SQL query
/questions/44343972/swing-gridbaglayout-dynamic-checkbox-position,Swing: GridBagLayout dynamic checkbox position
/questions/44343971/get-status-of-the-room-mysql,Get status of the room Mysql
/questions/44343970/pure-javascript-equivalent-for-including-one-js-file-into-another,Pure javascript equivalent for including one js file into another
/questions/44343964/is-asp-net-onclick-attribute-javascript,Is ASP.NET OnClick attribute JavaScript?
/questions/44344088/bootstrap-4-one-page-website-cant-continue,"Bootstrap 4 one-page website, cant continue"
/questions/44344087/how-to-show-timer-on-alertdialog-and-alertdialog-should-setview-with-textview-an,How to show Timer on AlertDialog and alertdialog should setview with TextView and Buttons
/questions/44344085/spring-autowired-not-work-in-endpoint,Spring @Autowired not work in @Endpoint
/questions/44344078/lazy-properties-vs-function-in-swift-3,lazy properties vs function in Swift 3
/questions/44344077/python-requests-get-from-multiple-pages,Python requests .get() from multiple pages?
/questions/44344076/string-splitting-mac-address,String Splitting MAC Address
/questions/44344074/android-material-stepper-how-to-create-listview-in-fragment,Android Material Stepper - How to create ListView in Fragment?
/questions/44344073/issue-with-dhclient-late-binding-of-ip-address,Issue with dhclient - late binding of IP address
/questions/44343882/r-how-filling-in-a-new-dataframe-column-by-conditionnal-summing,r - How filling in a new dataframe column by conditionnal summing
/questions/44343880/angular2-ng2-accordian-conflicting-components-error,Angular2 ng2-accordian conflicting components error
/questions/44343878/printing-all-possible-combination-of-pairs-of-strings-in-an-array,Printing all possible combination of pairs of strings in an array
/questions/44343877/urlsessiondownloadtask-doesnt-resume-on-fail,URLSessionDownloadTask doesn't resume on fail
/questions/44343874/jquery-tree-view-add-parents-childrens,"JQuery: Tree view, add parents/childrens"
/questions/44343873/uwp-adaptivegridview-throws-exception-on-onerowmode,uwp adaptiveGridView throws exception on OneRowMode
/questions/44343872/uiimage-not-in-wanted-location-of-uiimageview,UIImage not in wanted location of UIImageView
/questions/44343871/swipe-move-and-touch-click-on-same-object,swipe move and touch (click) on same object
/questions/44343870/gradle-dsl-method-not-found-exclude,Gradle DSL method not found: 'exclude()'
/questions/44343785/how-to-bind-a-dictionary-to-a-tree-view-in-mvvm,How to Bind a Dictionary to a Tree View in MVVM
/questions/44343783/python-numpy-exponential-value-from-array-of-bigfloats,Python Numpy Exponential Value from Array of BigFloats
/questions/44343782/how-to-set-props-use-refs-in-react-js,How to set props use refs in React js
/questions/44343780/returning-pointer-to-the-letter-in-string,Returning pointer to the letter in string
/questions/44343779/how-to-show-messagebox-on-f1-keypress-wpf-c-sharp,How to show messagebox on f1 keypress WPF c#
/questions/44343963/daubichie-d4-wavelet-transformation-for-images,Daubichie D4 wavelet transformation for images
/questions/44343962/q-all-works-for-the-first-call-only-look-at-plunker-please,$q.all works for the first call only - look at plunker please
/questions/44343960/unable-to-remove-white-space-from-data-frame-and-hence-was-not-able-to-find-mean,Unable to remove white space from data frame and hence was not able to find mean in R programming Language
/questions/44343954/long-click-on-item-in-custom-dialog,Long click on item in custom dialog
/questions/44343953/google-spreasheet-script-for-each-row-automatically-fill-cell-if-other-cell-i,"Google Spreasheet Script : for each row, automatically fill cell if other cell is"
/questions/44343950/jax-ws-issue-with-inheritance-in-wsdl,jax-ws issue with inheritance in wsdl
/questions/44343949/child-component-not-rendering,Child component not rendering
/questions/44343943/how-do-i-update-a-listbox-index-with-a-timer-output,How do I update a Listbox Index with a Timer output
/questions/44343941/show-charaters-on-passwordtype-field,Show * charaters on PasswordType Field
/questions/44343940/epplus-sorted-insertion-of-data,EPPlus - Sorted insertion of data
/questions/44344070/organizer-crashes-report-symbolisation,Organizer Crashes Report Symbolisation
/questions/44344069/jquerys-each-method-not-working,Jquery's .each method not working
/questions/44344067/unable-to-run-selenium-test-with-firefox,unable to run selenium test with firefox
/questions/44344066/peerjs-server-deployment-on-herouku,PeerJS server deployment on herouku
/questions/44344063/hyperloop-and-google-mobile-ads-sdk,Hyperloop and Google Mobile Ads SDK
/questions/44344062/how-do-i-link-css-to-html-while-both-files-are-in-the-same-package-in-a-project,How do I link css to html while both files are in the same package in a project in Eclipse? (html loads from custom made http server)
/questions/44344061/converting-a-string-to-a-stream,Converting a string to a stream
/questions/44343865/what-kind-of-objects-can-be-elements-in-a-spark-rdd,What kind of objects can be elements in a Spark RDD?
/questions/44343861/return-value-from-javascript-promise-to-calling-function,Return value from javascript promise to calling function [duplicate]
/questions/44343859/symbol-not-found-when-static-linking-on-macosx,Symbol not found when static linking on MacOSX
/questions/44343858/make-ios-text-to-speech-work-when-ringer-is-muted,make iOS text to speech work when ringer is muted
/questions/44343857/availability-using-access-database,Availability using Access Database
/questions/44343856/how-to-configure-context-with-path-and-location-wildfly-10,How to configure Context with path and location Wildfly 10
/questions/44343855/replacing-emoji-within-uilabel-with-nstextattachment-not-able-to-set-the-plain,Replacing emoji within UILabel with NSTextAttachment - not able to set the plaintext representation back to regular emoji for copying/pasting
/questions/44343853/angular-2-subscribe-to-owl-carousel-events,Angular 2 subscribe to Owl carousel events
/questions/44343778/how-to-send-android-notification-wthout-using-firebase-only-communication-betwee,"How to send android notification wthout using firebase only communication between app, php and mysql"
/questions/44343775/unable-to-use-flink-rocksdb-state-backend-due-to-endianness-mismatch,Unable to use Flink RocksDB state backend due to endianness mismatch
/questions/44343774/close-docker-expose-port-from-parent-file,Close Docker expose port from parent file
/questions/44343773/use-grep-to-return-list-of-matching-words-in-a-line-per-file,use grep to return list of matching words in a line per file
/questions/44343771/ubuntu-16-04-not-notifying-battery-low-notification-can-someone-help-me,"Ubuntu-16.04 not notifying battery low notification,can someone [Help] me? [on hold]"
/questions/44343770/unable-to-upload-dynamic-image-frames-of-video-into-s3,unable to upload dynamic image frames of video into S3
/questions/44343769/parametrized-private-contructor-using-reflection,Parametrized Private Contructor using Reflection
/questions/44343766/overlay-is-forcing-page-to-go-to-start-whenever-it-is-closed,Overlay is forcing page to go to start whenever it is closed
/questions/44343939/how-to-include-html-page-in-another-page-angular,How to include html page in another page (angular)
/questions/44343937/the-apostrophes-are-not-displayed-when-getting-data-from-mysql-into-bootstrap-ta,The apostrophes are not displayed when getting data from MySQL into bootstrap table
/questions/44343935/youtube-video-quality,Youtube video quality
/questions/44343934/producer-consumer-bug-threads-triggering-an-exception-on-exit,Producer-consumer bug: threads triggering an exception on exit
/questions/44343931/save-image-with-html2canvas-pure-javascript,Save image with html2canvas - Pure Javascript
/questions/44343930/experiencing-a-bug-with-this-batch-code,Experiencing a bug with this Batch code
/questions/44343928/assign-selected-item-for-combobox-that-is-filled-with-custom-class,Assign Selected item for ComboBox that is filled with custom class
/questions/44343927/how-to-convert-html-template-to-angular-2,How to convert html template to angular 2?
/questions/44344060/python-data-viz-on-test-failure,Python: data viz on test failure
/questions/44344059/property-value-cannot-be-found-on-this-object-make-sure-it-exists-and-is-sett,Property 'value' cannot be found on this object; make sure it exists and is settable
/questions/44344057/tfl-api-empty-response-from-timetables-and-arrivals-endpoints,TFL API - Empty response from timetables and arrivals endpoints
/questions/44344053/how-to-save-a-video-to-the-camera-roll-and-get-the-asset-url,How to save a video to the camera roll and get the asset URL?
/questions/44344050/am-i-ruining-my-disk-by-using-sqlite,Am I ruining my disk by using sqlite?
/questions/44343852/android-database-sqlite-sqliteexception-no-such-column-update,android.database.sqlite.SQLiteException: no such column: UPDATE
/questions/44343848/gitlab-com-ci-build-a-nodejs-app-using-docker-in-docker,gitlab.com CI - build a NodeJS app using docker in docker
/questions/44343847/how-to-pass-html-input-valuehtml-form-to-java-controller-spring-mvc,How to Pass Html Input value(Html Form) to java controller ? - Spring MVC
/questions/44343846/how-to-create-a-date-range-picker-with-a-static-from-datetodayunchangeable,How to create a date range picker with a static FROM date(today)(unchangeable)?
/questions/44343842/whats-this-error-must-declare-the-scalar-variable-id,what's this error Must declare the scalar variable “@ID”?
/questions/44343841/simulate-location-only-in-simulator,Simulate Location only in Simulator
/questions/44343839/links-in-navbar-with-rails-and-bootstrap,Links in navbar with Rails and Bootstrap
/questions/44343836/is-there-a-way-to-export-and-excel-sheet-without-copying-to-a-workbook,Is there a way to export and Excel sheet without copying to a workbook?
/questions/44343835/how-to-get-access-to-enter-text-into-console-while-game-loop-c,How to get access to enter text into console while game loop? C++
/questions/44343765/sql-insert-caching,SQL insert caching
/questions/44343764/jsf-implementation-library,JSF implementation library
/questions/44343763/es6-how-to-decompose-from-an-object-with-a-string-key,ES6 — How to decompose from an object with a string key?
/questions/44343760/linq-how-to-build-a-where-predicate,linq how to build a where predicate
/questions/44343759/mathmetical-book-for-proof,Mathmetical book for proof [on hold]
/questions/44343757/jdbc-java-lang-nullpointerexception-attempt-to-invoke-interface-method,JDBC java.lang.NullPointerException: Attempt to invoke interface method [duplicate]
/questions/44343754/given-directed-weighted-graph-that-has-one-negeative-edge-u-v-find-shortest-p,"Given directed weighted graph that has one negeative edge (u,v), find shortest path (s,t)"
/questions/44343753/org-hibernate-persistentobjectexception-detached-entity-passed-to-persist-for-h,org.hibernate.PersistentObjectException: detached entity passed to persist For hibernate @onetoone
/questions/44343749/tabulate-categorical-variable-into-dummies-with-proper-labels,Tabulate categorical variable into dummies with proper labels
/questions/44343919/scala-and-spark-how-to-go-through-an-image,Scala and Spark : how to go through an image?
/questions/44343916/how-to-check-if-an-input-contains-only-upper-and-lowercase-letters-numbers-and,"How to check if an input contains only upper and lowercase letters, numbers, and dashes by onclick event?"
/questions/44343913/%d0%98%d0%b7%d0%bc%d0%b5%d0%bd%d1%8f%d1%82%d1%8c-%d1%82%d0%b5%d0%ba%d1%81%d1%82-%d0%bf%d0%be%d0%b4-input-%d0%bd%d0%b0-react,Изменять текст под input на React [on hold]
/questions/44343911/how-to-enable-debug-while-a-library-prevents-debugging,how to enable debug while a library prevents debugging?
/questions/44343909/aws-s3-limit-file-size-and-billing,AWS S3 : limit file size and billing
/questions/44343908/finding-total-number-of-strings-starts-with-special-character-in-word-document,Finding total number of strings starts with special character in word document
/questions/44343906/creating-a-moving-banner-using-a-java-applet-without-threads,Creating a moving banner using a Java Applet without threads
/questions/44344048/how-to-influence-realm-distinct-results,How to influence realm .distinct results
/questions/44344045/how-to-change-the-address-of-framebuffer-pointer-in-c-c,How to change the address of framebuffer pointer in C/C++?
/questions/44344044/how-to-compare-two-bool-type-values-in-the-list-in-c-sharp,How to compare two bool type values in the list in c#
/questions/44344043/node-js-elastic-beanstalk-aws-allow-write-access,Node JS - Elastic Beanstalk AWS - allow write access
/questions/44344040/how-to-call-object-method-from-javascript-function,how to call object method from javascript function
/questions/44343834/how-to-change-the-position-of-a-button-when-we-have-2-forms-in-a-single-html-pag,How to change the position of a button when we have 2 forms in a single html page
/questions/44343830/collectionview-showing-black-screen,CollectionView showing black Screen
/questions/44343829/excel-form-buttons-remain-in-same-place-but-topleftcell-is-different-all-after,"Excel Form buttons remain in same place, but TopLeftCell is different (all after parent row is unhidden)"
/questions/44343828/how-to-bind-data-to-viewmodel-wrapper-and-pass-it-to-relaycommand-as-parameter,How to bind data to ViewModel wrapper and pass it to RelayCommand as parameter?
/questions/44343826/what-event-fires-after-a-form-is-initially-loaded,What event fires after a form is initially loaded?
/questions/44343825/subscript-out-of-bound-using-the-performanceanalytics-package,Subscript out of bound using the PerformanceAnalytics package
/questions/44343824/rmarkdown-how-to-add-multiple-css-files-to-rmarkdown-in-yaml-header,Rmarkdown: How to add multiple CSS files to Rmarkdown in YAML header?
/questions/44343819/to-string-was-not-declared-in-this-scope-in-clion-with-c-11,'to_string' was not declared in this scope in clion with c++ 11
/questions/44343818/pass-reference-to-trait-to-generic-function,Pass reference to trait to generic function
/questions/44343746/how-to-read-txt-file-from-sd-card-and-upload-in-spinner,how to Read txt file from sd card and upload in Spinner
/questions/44343744/program-cores-in-openssl-when-i-link-it-with-protobuf-generated-file,Program cores in openssl when i link it with protobuf-generated file
/questions/44343743/replacing-lines-in-a-text-file-using-javafx,Replacing lines in a text file using javaFX [duplicate]
/questions/44343741/import-of-a-jigsaw-maven-project-in-eclipse-oxygen-4-7-does-not-work,Import of a Jigsaw-Maven-Project in Eclipse Oxygen 4.7 does not work
/questions/44343740/runtime-error-when-trying-to-launch-jupyter-notebook-python,Runtime Error when trying to launch Jupyter Notebook (Python)
/questions/44343739/python-sockets-ssl-eof-occurred-in-violation-of-protocol,Python/sockets/ssl EOF occurred in violation of protocol
/questions/44343738/how-to-inject-widgets-between-qheaderview-and-qtableview,How to inject widgets between QHeaderView and QTableView?
/questions/44343905/creating-object-with-if-statement-in-it,Creating object with if statement in it
/questions/44343901/how-to-read-data-from-a-specific-column-in-python,How to read data from a specific column in python? [duplicate]
/questions/44343899/cant-retrieve-data-through-sqldatareader,Can't retrieve data through sqldatareader
/questions/44343898/git-error-this-exceeds-githubs-file-size-limit-but-the-file-has-already-been,GIT error - this exceeds GitHubs file size limit - but the file has already been removed
/questions/44344039/react-navigation-equivalent-for-action-main-in-react-native-router-flux,React Navigation Equivalent for Action.Main in React-Native-Router-Flux
/questions/44344038/integrate-stripe-into-django-project,integrate Stripe into django project
/questions/44344037/firebase-receive-object-with-only-one-specific-value-react-native,Firebase receive object with only one specific value React Native
/questions/44344027/failing-to-access-local-media-in-react-native-webview,Failing to access local media in react native <WebView/>
/questions/44343817/python-interrupt-attribute-error,Python Interrupt attribute error
/questions/44343814/how-can-i-remove-spaces-from-a-jquery-filtered-item,How can I remove spaces from a jquery filtered item?
/questions/44343813/r-code-error-in-function-arguments-imply-differing-number-of-rows-1-2,"R Code : Error in (function: arguments imply differing number of rows: 1, 2"
/questions/44343812/windows-certificate-for-phonegap,Windows certificate for Phonegap
/questions/44343808/installation-of-scribal-in-mac,Installation of scribal in Mac
/questions/44343807/generating-invoices-from-excel-data,Generating Invoices from Excel Data
/questions/44343737/move-an-array-element-from-a-position-to-another-with-condition,Move an array element from a position to another with condition
/questions/44343735/json-data-structure-with-jackson,JSON Data Structure with Jackson
/questions/44343729/how-to-fake-current-date-for-jquery-ui-datepicker,how to fake current date for jquery-ui-datepicker
/questions/44343727/can-reverse-proxy-in-service-fabric-be-used-with-windows-containers,Can reverse proxy in Service Fabric be used with windows containers?
/questions/44343725/border-style-based-on-standard-control-causing-runtime-error,Border style based on standard control causing runtime error
/questions/44343724/how-to-implement-user-login-with-spring-security-and-neo4j-database,How to implement user login with spring security and neo4j database?
/questions/44343722/test-coverage-netcore,Test Coverage .NetCore
/questions/44343721/cant-manage-access-keys-for-cognitive-services-resource-azure,Can't Manage Access Keys for Cognitive Services Resource Azure
/questions/44344026/php-mysql-hashing-common-data,PHP/MySQL: Hashing common data
/questions/44344025/decrease-bitmap-size-and-storing-in-custom-folder-using-camera-intent-android,Decrease bitmap size and storing in custom folder using camera intent Android
/questions/44344020/swift-redundant-conformance-of-homepagevcnew-to-protocol-uitableviewdelegate,swift Redundant conformance of 'HomePageVCNEW' to protocol 'UITableViewDelegate'
/questions/44343806/discrete-fourier-transforms-in-javascript,Discrete Fourier Transforms in Javascript
/questions/44343718/perplexity-calculations-rise-between-each-significantly-drop,Perplexity calculations rise between each significantly drop
/questions/44343715/read-and-writeinsert-into-in-same-partition-of-hive-table-using-hivecontext,Read and write(insert into) in same partition of hive table using HiveContext
/questions/44344219/data-is-not-displaying-into-recycleview,Data is not displaying into Recycleview
/questions/44344217/fatalerrorexception-syntax-error-unexpected-url-t-constant-encapsed-string,"FatalErrorException syntax error, unexpected ''url'' (T_CONSTANT_ENCAPSED_STRING), expecting ')'"
/questions/44344216/how-to-view-coinbase-transaction-activity,How to view coinbase transaction activity
/questions/44344214/how-to-pass-the-database-fetched-values-from-controller-to-view-page-using-ajax,how to pass the database fetched values from controller to view page using ajax and json
/questions/44344212/how-to-build-function-path-for-any-given-lua-table,How to build 'function path' for any given Lua table?
/questions/44344211/how-to-get-2-value-from-database-using-jquery-autocomplete,How to get 2 value from database using jquery autocomplete
/questions/44344210/web-scraping-with-lua,Web-Scraping with LUA
/questions/44344209/null-required-parameters-in-model-after-validation,Null required parameters in model after validation
/questions/44344201/adding-mac-policy-to-override-chmod,Adding MAC policy to override chmod()
/questions/44344199/do-wordpress-website-with-other-host-shows-ads,Do wordpress website with other host shows ads?
/questions/44344197/i-have-installed-android-studio-2-3-2-on-windows-8-but-whenever-im-clicking-on,"I have installed android studio 2.3.2 on windows 8, but whenever im clicking on the icon it shows loading and never proceed further. what should i do?"
/questions/44344196/phcachingimagemanager-suddenly-missing-images,PHCachingImageManager Suddenly Missing Images
/questions/44344195/which-one-is-best-apache-ambari-cluster-on-pysical-system-with-5-machine-or-inst,Which one is best apache ambari cluster on Pysical system with 5 Machine or install on virtual machine with diffrent 5 VM ?
/questions/44344193/wishlist-attribute-is-not-updated-jquery,wishlist Attribute is not updated Jquery
/questions/44344191/list-of-generic-hashmaps,List of generic hashmaps
/questions/44344189/accessing-info-from-a-different-class,Accessing info from a different class
/questions/44344188/await-working-from-unit-test-but-not-from-web-api-controller-c-sharp,await working from unit test but not from web api controller C#
/questions/44344187/which-commands-exchange-an-element-in-a-stack,Which commands exchange an element in a Stack?
/questions/44344182/php-curl-couldnt-connect-to-server,PHP CURL Couldn't connect to server
/questions/44344180/vba-cumulative-addition-of-data-across-columns-for-a-set-number-of-times,VBA: Cumulative addition of data across columns for a set number of times
/questions/44344179/is-node-js-or-django-request-driven-like-php,Is node.js or django “request driven” like PHP?
/questions/44344177/c-html-border-to-cells,C#: html border to cells
/questions/44344176/how-to-plugin-into-sabre-red-workspace-using-wpf,How to plugin into Sabre red workspace using wpf
/questions/44344175/joining-of-more-than-two-tables-and-fetchong-the-records,Joining of more than two tables and fetchong the records
/questions/44344174/how-can-i-repeat-a-xwpftable-header-on-subsequent-pages-with-apache-poi-api-for,How can i repeat a XWPFTable header on subsequent pages with Apache-POI api for java (MS-Word)
/questions/44344173/python-indexing-of-array,Python indexing of array
/questions/44344171/unexpected-memory-behavior-of-dask-distributed,Unexpected memory behavior of Dask distributed
/questions/44344167/implementing-the-unix-diff-command,implementing the unix diff command
/questions/44344166/apache-webserver-serving-static-files-on-remote-server,Apache WebServer - Serving static Files on remote server
/questions/44344163/spring-mvc-mapping-external-tff-file-in-jsp-spring-project-how-to-avoid-it,Spring MVC mapping external .tff file in jsp spring project. How to avoid it?
/questions/44344159/merging-multiple-pdfs-in-to-a-single-pdf-file-using-google-scripts,Merging multiple PDFs in to a single PDF file using google scripts
/questions/44344157/regex-pattern-works-on-string-but-not-on-loaded-file-content,Regex pattern works on string but not on loaded file content
/questions/44344155/why-close-dropdown-wherever-i-click-on-opened-modal,"Why close dropdown, wherever I click on opened modal?"
/questions/44344152/typeerror-mainarr-join-is-not-a-function,TypeError : mainArr.join is not a function
/questions/44344151/assigning-column-values-based-on-which-value-is-highest-in-a-row-of-three-other,Assigning column values based on which value is highest in a row of three other columns in R
/questions/44344150/imageslider-displaying-same-images,ImageSlider displaying same images
/questions/44344148/ngclass-is-not-working-in-angular-4,ngClass is not working in angular 4
/questions/44344147/spring-mvc-resource-not-found-404,Spring MVC Resource not found 404
/questions/44344145/custom-header-does-not-load-after-adding-boot-strap,Custom Header Does Not Load After Adding Boot Strap
/questions/44344144/a-promise-was-created-in-a-handler-but-was-not-returned-from-it-bluebird-warni,A promise was created in a handler but was not returned from it - bluebird warning
/questions/44344143/jnetpcap-icmp-jbuffer-exception,jnetpcap ICMP JBuffer Exception
/questions/44344142/jquery-change-method-multiple-elements,jQuery change method multiple elements
/questions/44344141/error-hetting-while-iteration-over-list-and-dictionary,error hetting while iteration over list and dictionary
/questions/44344140/change-1px-border-color-to-custom-color-instead-of-accent-color-in-windows-10,Change 1px border color to custom color instead of accent color in Windows 10
/questions/44344136/aurelia-binding-not-working-if-nested-structure-and-no-initial-data,Aurelia Binding Not Working If Nested Structure and No Initial Data
/questions/44344133/what-is-mysql-command-and-dataadatpter-and,What is Mysql command and dataAdatpter and
/questions/44344129/is-it-possible-to-delete-a-gaufrette-directory-with-all-its-contents,Is it possible to delete a Gaufrette directory with all it's contents?
/questions/44344126/can-i-use-cheerio-to-get-specific-items-from-a-dom-scrape,Can I use Cheerio to get specific items from a DOM scrape?
/questions/44344125/ssl-sslerror-ssl-certificate-verify-failed-certificate-verify-failed-python,"ssl.SSLError: [SSL: CERTIFICATE_VERIFY_FAILED] certificate verify failed, Python sockets, ssl, gmail smtp connect"
/questions/44344118/build-a-post-and-search-app,Build a post and search app
/questions/44343714/implementation-of-a-queue-in-azure-service-bus-using-python,Implementation of a queue in Azure service bus using python
/questions/44343712/thymeleaf-spring-boot-placing-html-in-subfolders,Thymeleaf + Spring Boot: placing html in subfolders
/questions/44343709/given-undirected-weighted-graph-gv-e-that-every-edges-weight-is-1-or-2-find,"Given undirected weighted graph G(V,E) that every edge's weight is 1 or 2, find MST"
/questions/44343708/mongodb-unique-objectid-with-different-values,mongoDB: unique ObjectId with different values
/questions/44343707/issues-with-subscript,Issues with subscript
/questions/44343705/how-long-does-networkstream-write-block-with-a-small-tcpclient-sendbuffersize,How long does NetworkStream.Write() block with a small TcpClient.SendBufferSize?
/questions/44343612/cant-make-sense-of-sp500-data-on-python,Can't make sense of SP500 data on Python
/questions/44343704/how-to-reverse-the-order-of-arguments-in-a-function-javascript,How to reverse the order of arguments in a function? JavaScript
/questions/44343701/error-in-c-line-62-16-segmentation-fault-core-dumped,Error in C : line 62: 16 Segmentation fault (core dumped)
/questions/44343698/exposing-field-of-child-object-in-spring-hateoas,Exposing field of child object in Spring hateoas
/questions/44343697/use-both-wcf-service-and-web-api-in-same-service-fabric-reliable-services,Use both WCF service and Web Api in same Service fabric reliable services
/questions/44343695/apache-tomcat-javax-servlet-servletexception-my-class-is-not-a-servlet,Apache Tomcat-javax.servlet.ServletException: My Class is not a Servlet
/questions/44343693/android-fragment-to-fragment-transition-right-to-left-top-to-bottom-issue,"Android fragment to fragment transition right to left, top to bottom issue"
/questions/44343609/removing-an-element-from-a-multi-dimensional-array-jquery,Removing an element from a multi-dimensional array jQuery
/questions/44343608/merging-list-of-uneven-length-with-default-value-for-missing-matches,Merging list of uneven length with default value for missing matches
/questions/44343692/changing-text-box-border-color-if-validation-is-failed,changing text box border color if validation is failed
/questions/44343689/integrating-vbulletin-search-script-with-java-api,Integrating vBulletin search script with Java API
/questions/44343688/django-models-that-are-imported-at-load-but-dont-exist-yet,django models that are imported at load but don't exist yet
/questions/44343684/signing-email-in-asp-net-mvc,Signing email in ASP.NET MVC
/questions/44343678/importerror-when-launchen-jupyter-notebook,Importerror when launchen jupyter notebook
/questions/44343677/how-can-i-create-this-type-of-custom-alphabetical-scrolling-using-recyclerview,How can I create this type of custom alphabetical scrolling using recyclerview?
/questions/44343676/get-exact-location-of-the-driver-following-a-path-in-intervals-of-5-seconds,Get exact location of the driver following a path in intervals of 5 seconds
/questions/44343674/how-to-assign-a-value-to-several-variable-in-vb-net,How to assign a value to several variable in vb.net?
/questions/44343603/how-can-i-handle-huge-data-on-the-localstorage,How can I handle huge data on the localStorage?
/questions/44343601/angular-2-basics-integration-with-spring-boot-can-angular-2-instance-run-wit,Angular 2 Basics - Integration with Spring Boot - Can Angular 2 instance run within a server
/questions/44343598/get-all-xml-nodes-of-given-xsd-type,Get all XML nodes of given XSD type
/questions/44343595/my-sql-table-query-giving-incorrect-result-until-i-optimize-the-table,MY-SQL table query giving incorrect result until i optimize the table
/questions/44343594/integrating-jquery-plugin-calls-inside-angularjs-directives,Integrating jQuery plugin calls inside AngularJS Directives
/questions/44343593/how-to-remove-the-timestamp-and-format-the-date-in-javascript,How to remove the timestamp and format the date in javascript?
/questions/44343592/how-to-return-values-from-web-view-opened-from-bot-in-fb-messenger,How to return values from web view opened from bot in FB messenger
/questions/44343670/streamingkit-repeats-song-ios,StreamingKit repeats song ios
/questions/44343668/how-to-trace-built-in-append-3-in-swi-prolog,How to trace built-in append/3 in SWI-Prolog?
/questions/44343667/error-when-plotting-in-octave,Error when plotting in Octave
/questions/44343666/how-to-set-a-default-value-for-mvxspinner,How to set a default value for MvxSpinner
/questions/44343656/how-to-add-authentication-to-rest-api,How to add authentication to REST API
/questions/44343655/fetch-chat-messages-using-php-and-mysql-database,fetch Chat messages using php and mysql database
/questions/44343654/how-can-i-use-the-display-function-in-microsoft-azure-notebook,How can I use the display() function in Microsoft Azure Notebook
/questions/44343652/getboundingclientrect-returning-incorrect-top-value,getBoundingClientRect() returning incorrect top value
/questions/44343590/replaceall-works-once-but-not-twice,"replaceAll() works once, but not twice? [duplicate]"
/questions/44343589/change-language-during-runtime-swing,Change language during runtime (Swing)
/questions/44343588/apache-drill-on-cluster-start-error,apache drill on cluster start error
/questions/44343586/prevent-immediate-change-in-realm-database,Prevent immediate change in Realm Database
/questions/44343585/angular-2-to-cordova-applicaiton-from-scratch-to-deployment-including-adding-cor,Angular 2 to cordova applicaiton from scratch to deployment including adding cordova plugin
/questions/44343581/google-sign-in-xhr-issue,Google Sign-in xhr issue
/questions/44343651/android-button-alignment,Android Button Alignment
/questions/44343650/python-calling-a-function-from-another-file-error,Python calling a function from another file - error
/questions/44343648/find-and-replace-for-millions-of-rows-with-regex-in-python,Find and replace for millions of rows with regex in Python
/questions/44343647/how-to-create-executable-file-for-linux-as-exe-file-in-windows,how to create executable file for linux as exe file in windows
/questions/44343646/issue-sending-arabic-text-notification,Issue sending arabic text notification
/questions/44343642/hide-popup-by-clicking-outside-of-it,hide popup by clicking outside of it
/questions/44343640/error-while-connecting-sql-server,Error while connecting sql server
/questions/44343639/social-login-buttons-css-to-change-from-one-by-one-one-under-the-other,Social Login Buttons CSS to change from one by one >>>> one under the other
/questions/44343579/do-i-need-to-do-type-checking-when-preparing-library-for-open-source,Do I need to do type checking when preparing library for open source?
/questions/44343578/removing-p-tag-throws-handler-execution-resulted-in-exception-null,Removing <p> tag throws Handler execution resulted in exception: null
/questions/44343571/post-doesnt-work-on-my-computer,POST Doesnt work on my Computer
/questions/44343570/cross-compiling-libcurl-for-arm-linux-gnueabihf-unable-to-link-function-recv,Cross Compiling libcurl for arm-linux-gnueabihf: Unable to link function recv
/questions/44343567/moving-content-of-csv-to-different-column-in-stringbuilder,Moving content of csv to different column in stringbuilder
/questions/44343566/libwebp-is-taking-too-much-time-for-image-compression,LibWebP is taking too much time for image compression
/questions/44343564/javascript-settimeout-is-sometimes-not-triggered-in-webview,Javascript setTimeout is sometimes not triggered in WebView
/questions/44343562/what-is-the-difference-between-shell-and-shellex-in-windows-registry,What is the difference between Shell and ShellEx in Windows Registry?
/questions/44343638/crosswalk-not-picking-versioncode-from-manifest-file-throwing-cannot-invoke-meth,Crosswalk not picking versionCode from manifest file throwing Cannot invoke method multiply() on null object
/questions/44343637/how-to-check-rtmp-source-stream-is-live-or-not-by-java,How to check RTMP source stream is live or not by JAVA
/questions/44343561/embed-video-coldfusion,Embed Video Coldfusion
/questions/44343560/failed-to-sign-in-please-check-network-connection,Failed to sign in. Please check network connection
/questions/44343556/java-lang-stringindexoutofboundsexception-for-the-soln,java.lang.StringIndexOutOfBoundsException for the soln
/questions/44343555/how-to-build-a-custom-map,How to build a custom map?
/questions/44343552/how-show-view-overlay-another-view-and-change-view-size,How show view overlay another view and change view size
/questions/44343550/mvc-user-management-by-admin-user,MVC User Management by Admin User
/questions/44343546/count-rows-in-an-ajax-sourced-datatableincluding-paginated-rows-with-specific,Count rows in an Ajax sourced datatable(including paginated rows) with specific column value
/questions/44343545/mongoimport-is-giving-error,Mongoimport is giving error [duplicate]
/questions/44343544/curl-with-ssh-public-key-auth,curl with ssh public key auth
/questions/44343543/importing-json-to-google-sheets-gives-getrrange-error,importing JSON to google sheets gives getRrange-error
/questions/44343542/emacs-org-mode-how-calculate-duration-of-specific-task,Emacs: Org-mode: How calculate duration of specific task?
/questions/44343636/fetch-user-detail-with-his-role-in-laravel-5-4,Fetch User detail with his role in laravel 5.4
/questions/44343633/selecting-the-max-value-of-two-different-columns,Selecting the max value of two different columns
/questions/44343631/i-have-10-nodes-each-node-has-known-number-of-transceivers-i-want-to-know,I have 10 nodes .. each node has known number of transceivers .. I want to know How can I obtain all possible connections between nodes ? using MATLAB
/questions/44343630/layout-gravity-start-doesnt-work-on-navigationview,<layout_gravity=“start”> doesn't work on NavigationView?
/questions/44343627/user-info-retrieval-when-using-apache-weblogic-12-c,User Info Retrieval when using apache + weblogic 12 c
/questions/44343541/superuser-expired-and-is-the-only-user,Superuser expired and is the only user
/questions/44343537/bootstrap-slider-is-not-working-in-ajax-load-content,bootstrap slider is not working in ajax load content
/questions/44343535/working-with-md-table-in-angular,Working with md-table in Angular
/questions/44343534/which-command-in-my-code-is-preventing-a-custom-theme-and-legend-labels-from-wor,Which command in my code is preventing a custom theme and legend labels from working?
/questions/44343533/i-cant-imoprt-org-springframework-web-servlet-mvc-abstractcontroller,I Can't imoprt org.springframework.web.servlet.mvc.AbstractController
/questions/44343529/best-way-for-search-in-rom,best way for search in rom
/questions/44343526/meteor-1-5-johnny-five-serialport-connect-wrongly,"Meteor 1.5, johnny-five, serialport connect wrongly"
/questions/44343626/5-rectangles-that-you-can-drag-and-drop,5 rectangles that you can drag and drop
/questions/44343625/need-to-check-dates-are-overlapping-or-not-in-sql-server,Need to check dates are overlapping or not in sql server
/questions/44343620/sequelize-one-to-many-query-with-include-produces-x-is-not-associated-to-y,Sequelize one-to-many query (with include) produces X is not associated to Y
/questions/44343619/how-to-compare-elements-of-two-arrays-in-assembly,How to compare elements of two arrays in assembly?
/questions/44343617/how-to-use-sqlite-manager-in-chrome,How to use SQlite manager in chrome
/questions/44343615/error-message-in-form-validation-below-input-type,Error message in form validation below input type
/questions/44343614/wordpress-include-taxonomy-description-in-json-rest-api-request,Wordpress - include taxonomy description in JSON/REST API request
/questions/44343525/getting-error-while-installing-java8-on-ubuntu-16-04,Getting Error while installing java8 on ubuntu 16.04
/questions/44343523/system-nullreference-exception,System.nullReference exception [duplicate]
/questions/44343522/java-method-returns-null-but-should-not,java method returns null but should not
/questions/44343518/piecewise-linear-function-reduces-to-threshold-function,Piecewise linear function reduces to threshold function?
/questions/44343517/cannot-disable-clicks-on-linearlayout-with-child-views,Cannot disable clicks on LinearLayout with child views
/questions/44343516/jquery-contains-selector-does-not-work-on-large-attribute-in-ie11,jQuery contains selector does not work on large attribute in IE11
/questions/44343515/swift-link-object-to-main-viewcontroller,swift link object to main viewcontroller
/questions/44343513/countdownlatch-in-timer-synchronization,CountDownLatch in timer synchronization
/questions/44343512/url-not-found-error,URL Not found error
/questions/44343511/adding-charts-using-2-dropdowns-and-whose-values-are-in-a-different-sheet,Adding charts using 2 dropdowns and whose values are in a different sheet
/questions/44343510/in-which-case-lfu-is-better-than-lru,In which case LFU is better than LRU?
/questions/44343509/mysql-query-taking-50-seconds,Mysql query taking 50 seconds
/questions/44343508/how-to-edit-or-modify-kaa-sandbox-demo-app,How to edit or modify Kaa sandbox demo app
/questions/44343507/how-can-i-apply-a-filter-in-mongodb-find-operation-to-check-empty-string,How can I apply a filter in MongoDB find operation to check empty string? [duplicate]
/questions/44343506/how-do-i-publish-to-service-fabric-using-windows-authentication,How do I publish to Service Fabric using Windows Authentication?
/questions/44343504/sql-c-sharp-questions,"SQL, C# questions [on hold]"
/questions/44343502/tomcat-8-unicode-filename-war-file-deploy-issue,Tomcat 8 Unicode filename war file deploy issue
/questions/44343497/how-to-convert-a-string-to-int-with-java,How to convert a string to int with java? [duplicate]
/questions/44343495/swfit-3-how-can-i-get-all-items-in-the-cell-with-button-action,Swfit 3 : How can I get all items in the cell with button action?
/questions/44343487/c-sharp-xamarin-android-intents-and-readline,C# Xamarin android Intents and readLine()
/questions/44343482/trying-to-parse-bytes-with-javascript,Trying To Parse Bytes With Javascript
/questions/44343478/remove-first-few-characters-if-it-is-contains-in-an-array,Remove first few characters if it is contains in an array
/questions/44343476/dns-lookup-arduino-uipethernet-library,Dns lookup arduino UIPEthernet library
/questions/44343475/how-to-add-items-to-array-from-a-setter,How to add items to array from a setter
/questions/44343474/error-python-not-found-in-dockerized-php-application-hosted-on-elastic-beanst,Error “python: not found” in Dockerized PHP application hosted on Elastic Beanstalk
/questions/44343472/post-request-content-using-node-js,Post request content using Node.js
/questions/44343471/server-side-javascript-code,Server side Javascript code
/questions/44343470/i-am-working-on-this-code-to-update-google-contacts-with-google-forms-and-spread,I am working on this code to update google contacts with google forms and spreadsheet linked to it
/questions/44343468/modal-for-multiple-images,Modal for multiple images:
/questions/44343467/pyhook-keboard-inputs-are-read-incorrectly,PyHook Keboard inputs are read incorrectly
/questions/44343466/form-submission-canceled-because-the-form-is-not-connected,Form submission canceled because the form is not connected
/questions/44343463/form-submit-doesnt-work-as-a-link,form submit doesn't work as a link
/questions/44343460/how-do-i-get-the-text-content-of-the-clicked-element,how do I get the text content of the clicked element?
/questions/44343458/render-multiple-heights-in-an-isometric-tile-based-map,Render multiple heights in an isometric tile based map
/questions/44343457/is-this-a-bug-in-llvm,Is this a bug in LLVM?
/questions/44343454/not-opening-phpmyadmin-localhost,Not opening phpmyadmin localhost
/questions/44343448/decoding-ble-hci-snoop-logs-in-android,Decoding ble hci snoop logs in Android
/questions/44343446/i-wanna-request-below-things-with-ruby-unirest-but-i-cant-do-that,I wanna request below things with ruby unirest but I can't do that
/questions/44343442/returning-a-reference-type-variable-in-swift,Returning a reference type variable in swift
/questions/44343441/average-call-volumes-between-times-total-for-months,"Average call volumes between times , total for months"
/questions/44343438/can-i-make-a-php-function-that-turns-all-the-data-in-a-database-into-variables-t,Can I make a php function that turns all the data in a database into variables that can transfer to javascript
/questions/44343436/how-to-send-data-from-api-without-input-the-data-again-angular-js,How to send data from API without input the data again? (angular.js)
/questions/44343434/chromium-58-canvas-capturestream,Chromium 58 canvas.captureStream
/questions/44343433/deployed-project-cannot-load-the-default-document-and-lists-the-directory-instea,Deployed project cannot load the default document and lists the directory instead
/questions/44343432/ios-swift-http-post-request-with-response-date-with-string-and-json,iOS Swift HTTP Post request with response date with string and JSON
/questions/44343431/flask-sqlalchemy-enum-field-default-value,Flask SQLAlchemy enum field default value
/questions/44343430/refresh-the-popup-after-response-end,Refresh the popup after Response.End()
/questions/44343427/is-it-discouraged-to-use-onlclick-with-html-element-while-using-addeventliste,Is it discouraged to use “onlclick” with HTML element while using “addEventListener” method?
/questions/44343426/can-we-publish-app-that-is-unpublished-in-google-developer-console,can we publish app that is unpublished in google developer console?
/questions/44343425/how-to-show-total-pages-in-json-response-in-djngo-pagination,How to show total pages in JSON response in Djngo Pagination?
/questions/44343422/gulp-series-not-function-when-running-multiple-tasks,gulp.series() not function when running multiple tasks
/questions/44343420/failing-inversion-of-control-principle-single-concrete-class,Failing inversion of control principle - single concrete class
/questions/44343418/is-modifying-a-temp-variable-instead-of-an-array-a-good-optimization-practice,Is Modifying a Temp Variable Instead of An Array A Good Optimization Practice
/questions/44343406/quicksort-algorithm-giving-segmentation-fault-error,Quicksort Algorithm giving segmentation fault error
/questions/44343415/strange-xcode-behaviour,Strange Xcode behaviour
/questions/44343414/on-click-event-to-update-file-c-sharp,On click event to update file C#
/questions/44343413/vba-function-argument-is-not-optional,VBA function - argument is not optional
/questions/44343410/entity-framework-one-to-zero-one-association-reference-key-mapping,Entity Framework one to zero one association reference key mapping [duplicate]
/questions/44343408/swift-variable-values-dont-carry-over-to-didset,Swift: Variable values don't carry over to didSet
/questions/44343405/how-to-uppse-fraction-with-android,How to uppse fraction with Android?
/questions/44343403/uncaught-error-class-zmqcontext-not-found,Uncaught Error: Class 'ZMQContext' not found
/questions/44343402/mnesia-create-table-error,Mnesia create table error
/questions/44343401/express-fallback-route-also-used-for-static-files,Express fallback route also used for static files
/questions/44343400/how-to-pass-arraylist-of-objects-parameters-in-crystal-report-using-c,How to pass arraylist of objects parameters in crystal report using c#?
/questions/44343399/how-to-implement-frame-in-openjdk,how to implement frame in openJDK [duplicate]
/questions/44343397/passing-array-or-nested-objects-in-body-of-request-npm,Passing array or nested objects in body of request npm
/questions/44343396/make-a-volley-request-before-cookie-expires,Make a Volley request before cookie expires
/questions/44343394/ruby-requests-more-memory-when-there-are-plenty-free-heap-slots,ruby requests more memory when there are plenty free heap slots
/questions/44343393/rxjs-dependency-issue-with-scheduler-async,RxJS dependency issue with Scheduler.async
/questions/44343392/how-change-uri-that-http-listener-listen-to-it,how change uri that http_listener listen to it
/questions/44343391/version-code-not-found-in-android-studio-canary-2,version code not found in android studio canary -2
/questions/44343389/remove-the-specific-element-from-array-with-checkbox-in-jquery-table,Remove the specific element from array with checkbox in jquery table
/questions/44343388/wine-mono-dll-errors-and-output-meaning,Wine/Mono/.dll errors and output meaning
/questions/44343381/javax-crypto-badpaddingexception-given-final-block-not-properly-padded-while-de,javax.crypto.BadPaddingException: Given final block not properly padded while decrypting a file
/questions/44343380/android-my-listviewadpter-class-in-which-getcount-always-is-returning-0,Android - My ListViewAdpter class in which getCount always is returning 0
/questions/44343379/getcontentresolver-query-return-a-matrixcursor-instead-of-cursorwrapperinner,getContentResolver().query return a MatrixCursor instead of CursorWrapperInner
/questions/44343374/local-variables-in-c-prgramming-at89c51,Local variables in c prgramming AT89C51
/questions/44343372/rotating-table-header-in-html2pdf,rotating table header in html2pdf
/questions/44343371/data-compresstion-libraries-brotli-vs-zlib,Data compresstion libraries: brotli vs zlib
/questions/44343370/if-click-button-stoppropagation-button-parent-row-click,If click button StopPropagation button parent row click
/questions/44343369/waiting-until-iam-policy-has-been-applied,Waiting until IAM policy has been applied
/questions/44343368/convert-character-variable-to-date-time,Convert character variable to date/time
/questions/44343364/sending-an-image-via-post-in-a-swift-playground,Sending an image via POST in a Swift Playground
/questions/44343363/opengl-es-2-0-gl-depth-component-and-glteximage2d,OpenGL ES 2.0 GL_DEPTH_COMPONENT and glTexImage2D
/questions/44343362/evaluating-logged-in-user-from-security-principals-in-spring-data-rest,evaluating logged in user from security principals in spring data rest
/questions/44343361/translate-nosql-to-java,Translate NoSql to Java
/questions/44343360/how-to-execute-docker-diff-command-using-kubernetes,how to execute docker diff command using kubernetes
/questions/44343357/nasm-relocation-truncated-to-fit-r-386-pc8-against-und,nasm: relocation truncated to fit: R_386_PC8 against `*UND*'
/questions/44343356/circleci-nodejs-execsync-output-is-swallowed,CircleCI: NodeJS execSync(…) output is swallowed
/questions/44343355/animating-a-navigation-bar-color,Animating a navigation bar color
/questions/44343354/react-js-prevent-onclick-events-of-siblings-while-a-onclick-is-executed,React.Js: Prevent onClick-events of siblings while a onClick is executed
/questions/44343353/google-signin-works-on-debugable-apk-but-not-signed-apk,Google signin works on debugable apk but not signed apk
/questions/44343352/contacting-server-in-js-client-side-form-validation,Contacting server in JS client side form validation
/questions/44343351/can-i-write-assertions-for-artillery-load-test-results,Can I write assertions for Artillery Load Test results?
/questions/44343349/how-to-connect-to-mssql-server-in-uwp-net-universal-app,How to connect to MSSQL server in UWP (.NET universal App)
/questions/44343347/add-my-order-link-active-in-customer-account,Add My Order link active in customer account
/questions/44343346/cannot-resolve-symbol-r-and-error-retrieving-parent-for-item,cannot resolve symbol R and Error retrieving parent for item
/questions/44343343/date-picker-does-not-shown-up,Date Picker does not shown up
/questions/44343342/can-all-android-devices-play-local-60fps-mp4-files,Can all Android devices play local 60fps mp4 files?
/questions/44343336/spring-batch-hello-world,Spring Batch Hello World
/questions/44343334/angular-datatables-search-function-not-working,Angular-datatables search function not working
/questions/44343333/how-to-remove-previous-installed-android-app-when-singature-changed,How to remove previous installed android app when singature changed?
/questions/44343330/js-clock-issue-to-start-onclick,"JS clock issue, to start onclick"
/questions/44343326/mysqli-update-query-dosnt-work,Mysqli update query dosn't work [duplicate]
/questions/44343320/where-from-is-read-phone-state-permission-injected-to-my-androidmanifest,Where from is READ_PHONE_STATE permission injected to my AndroidManifest?
/questions/44343319/how-to-allow-access-to-secondary-files-only-from-the-main-pages-of-the-site,How to allow access to secondary files only from the main pages of the site?
/questions/44343314/doesnt-javafx-or-java-need-additional-support-for-java-8-lambdas,Doesn't JavaFX (or Java) need additional support for Java 8 Lambdas?
/questions/44343313/laravel-5-4-assert-mail-sent-not-working,Laravel 5.4 Assert Mail Sent Not Working
